Product,Price,Details,Image URL
404 ERROR!
404 ERROR!
Old Spice Rasur Creme - 70 G (original) - Packung Von 2,"8,00€","Gute Schmierqualität in Old Spice Lather Rasierschaum gibt optimale Gleitfähigkeit aktions eine engere, angenehme Rasur. Richer, länger - dauernden Schaum hält während Ihrer Rasur auf. Verwenden Old Spice Lather Rasiercreme, wo Sie die männliche Frische der alten Gewürz finden.",https://images-eu.ssl-images-amazon.com/images/I/41xHbjdSXJL._SY300_SX300_QL70_ML2_.jpg
404 ERROR!
404 ERROR!
404 ERROR!
404 ERROR!
404 ERROR!
404 ERROR!
404 ERROR!
404 ERROR!
404 ERROR!
404 ERROR!
404 ERROR!
404 ERROR!
404 ERROR!
404 ERROR!
404 ERROR!
404 ERROR!
404 ERROR!
404 ERROR!
404 ERROR!
404 ERROR!
404 ERROR!
404 ERROR!
404 ERROR!
404 ERROR!
404 ERROR!
404 ERROR!
404 ERROR!
404 ERROR!
404 ERROR!
404 ERROR!
404 ERROR!
404 ERROR!
404 ERROR!
404 ERROR!
404 ERROR!
404 ERROR!
404 ERROR!
404 ERROR!
404 ERROR!
404 ERROR!
404 ERROR!
404 ERROR!
404 ERROR!
404 ERROR!
404 ERROR!
404 ERROR!
404 ERROR!
404 ERROR!
404 ERROR!
404 ERROR!
404 ERROR!
404 ERROR!
404 ERROR!
404 ERROR!
404 ERROR!
404 ERROR!
404 ERROR!
404 ERROR!
404 ERROR!
404 ERROR!
404 ERROR!
404 ERROR!
404 ERROR!
404 ERROR!
404 ERROR!
404 ERROR!
404 ERROR!
404 ERROR!
404 ERROR!
404 ERROR!
404 ERROR!
404 ERROR!
404 ERROR!
404 ERROR!
404 ERROR!
404 ERROR!
404 ERROR!
404 ERROR!
404 ERROR!
404 ERROR!
404 ERROR!
404 ERROR!
404 ERROR!
404 ERROR!
404 ERROR!
404 ERROR!
404 ERROR!
404 ERROR!
404 ERROR!
404 ERROR!
404 ERROR!
404 ERROR!
404 ERROR!
404 ERROR!
404 ERROR!
404 ERROR!
404 ERROR!

#01:28:06 minutes lapsed for 100 URLS